{"actions":["CHECK","BET 100.000000"],"childrens":{"BET 100.000000":{"actions":["CALL","FOLD"],"childrens":{"CALL":{"deal_number":0,"node_type":"chance_node"}},"node_type":"action_node","player":0,"strategy":{"actions":["CALL","FOLD"],"strategy":{"6d5d":[1.0,0.0],"6d6c":[1.0,0.0],"6h5h":[1.0,0.0],"6h6c":[1.0,0.0],"6h6d":[1.0,0.0],"6s5s":[1.0,0.0],"6s6c":[1.0,0.0],"6s6d":[1.0,0.0],"6s6h":[1.0,0.0],"7d7c":[1.0,0.0],"7h7c":[1.0,0.0],"7h7d":[1.0,0.0],"7s7c":[1.0,0.0],"7s7d":[1.0,0.0],"7s7h":[1.0,0.0],"8d8c":[1.0,0.0],"8h8c":[1.0,0.0],"8h8d":[1.0,0.0],"8s8c":[1.0,0.0],"8s8d":[1.0,0.0],"8s8h":[1.0,0.0],"9d9c":[1.0,0.0],"9h9c":[1.0,0.0],"9h9d":[1.0,0.0],"9s9c":[1.0,0.0],"9s9d":[1.0,0.0],"9s9h":[1.0,0.0],"Ac3c":[1.0,0.0],"Ac4c":[1.0,0.0],"Ac6c":[1.0,0.0],"Ac7c":[1.0,0.0],"Ac8c":[1.0,0.0],"Ac9c":[1.0,0.0],"AcJc":[1.0,0.0],"AcJd":[1.0,0.0],"AcJh":[1.0,0.0],"AcJs":[1.0,0.0],"AcKc":[1.0,0.0],"AcKh":[1.0,0.0],"AcKs":[1.0,0.0],"AcQc":[1.0,0.0],"AcQd":[1.0,0.0],"AcQh":[1.0,0.0],"AcQs":[1.0,0.0],"AcTc":[1.0,0.0],"Ad3d":[1.0,0.0],"Ad4d":[1.0,0.0],"Ad5d":[1.0,0.0],"Ad6d":[1.0,0.0],"Ad7d":[1.0,0.0],"Ad8d":[1.0,0.0],"Ad9d":[1.0,0.0],"AdAc":[1.0,0.0],"AdJc":[1.0,0.0],"AdJd":[1.0,0.0],"AdJh":[1.0,0.0],"AdJs":[1.0,0.0],"AdKc":[1.0,0.0],"AdKh":[1.0,0.0],"AdKs":[1.0,0.0],"AdQc":[1.0,0.0],"AdQd":[1.0,0.0],"AdQh":[1.0,0.0],"AdQs":[1.0,0.0],"AdTd":[1.0,0.0],"As3s":[1.0,0.0],"As4s":[1.0,0.0],"As5s":[1.0,0.0],"As6s":[1.0,0.0],"As7s":[1.0,0.0],"As8s":[1.0,0.0],"As9s":[1.0,0.0],"AsAc":[1.0,0.0],"AsAd":[1.0,0.0],"AsJc":[1.0,0.0],"AsJd":[1.0,0.0],"AsJh":[1.0,0.0],"AsJs":[1.0,0.0],"AsKc":[1.0,0.0],"AsKh":[1.0,0.0],"AsKs":[1.0,0.0],"AsQc":[1.0,0.0],"AsQd":[1.0,0.0],"AsQh":[1.0,0.0],"AsQs":[1.0,0.0],"AsTs":[1.0,0.0],"JcTc":[1.0,0.0],"JdJc":[1.0,0.0],"JdTd":[1.0,0.0],"JhJc":[1.0,0.0],"JhJd":[1.0,0.0],"JhTh":[1.0,0.0],"JsJc":[1.0,0.0],"JsJd":[1.0,0.0],"JsJh":[1.0,0.0],"JsTs":[1.0,0.0],"Kc9c":[1.0,0.0],"KcJc":[1.0,0.0],"KcQc":[1.0,0.0],"KcQd":[1.0,0.0],"KcQh":[1.0,0.0],"KcQs":[1.0,0.0],"KcTc":[1.0,0.0],"Kh9h":[1.0,0.0],"KhJh":[1.0,0.0],"KhKc":[1.0,0.0],"KhQc":[1.0,0.0],"KhQd":[1.0,0.0],"KhQh":[1.0,0.0],"KhQs":[1.0,0.0],"KhTh":[1.0,0.0],"Ks9s":[1.0,0.0],"KsJs":[1.0,0.0],"KsKc":[1.0,0.0],"KsKh":[1.0,0.0],"KsQc":[1.0,0.0],"KsQd":[1.0,0.0],"KsQh":[1.0,0.0],"KsQs":[1.0,0.0],"KsTs":[1.0,0.0],"QcJc":[1.0,0.0],"QcTc":[1.0,0.0],"QdJd":[1.0,0.0],"QdQc":[1.0,0.0],"QdTd":[1.0,0.0],"QhJh":[1.0,0.0],"QhQc":[1.0,0.0],"QhQd":[1.0,0.0],"QhTh":[1.0,0.0],"QsJs":[1.0,0.0],"QsQc":[1.0,0.0],"QsQd":[1.0,0.0],"QsQh":[1.0,0.0],"QsTs":[1.0,0.0],"Tc9c":[1.0,0.0],"Td9d":[1.0,0.0],"TdTc":[1.0,0.0],"Th9h":[1.0,0.0],"ThTc":[1.0,0.0],"ThTd":[1.0,0.0],"Ts9s":[1.0,0.0],"TsTc":[1.0,0.0],"TsTd":[1.0,0.0],"TsTh":[1.0,0.0]}}},"CHECK":{"actions":["CHECK","BET 100.000000"],"childrens":{"BET 100.000000":{"actions":["CALL","FOLD"],"childrens":{"CALL":{"deal_number":0,"node_type":"chance_node"}},"node_type":"action_node","player":1,"strategy":{"actions":["CALL","FOLD"],"strategy":{"2d2c":[1.0,0.0],"2h2c":[1.0,0.0],"2h2d":[1.0,0.0],"2s2c":[1.0,0.0],"2s2d":[1.0,0.0],"2s2h":[1.0,0.0],"3d3c":[1.0,0.0],"3h3c":[1.0,0.0],"3h3d":[1.0,0.0],"3s3c":[1.0,0.0],"3s3d":[1.0,0.0],"3s3h":[1.0,0.0],"4c3c":[1.0,0.0],"4d3d":[1.0,0.0],"4d4c":[1.0,0.0],"4h3h":[1.0,0.0],"4h4c":[1.0,0.0],"4h4d":[1.0,0.0],"4s3s":[1.0,0.0],"4s4c":[1.0,0.0],"4s4d":[1.0,0.0],"4s4h":[1.0,0.0],"5d3d":[1.0,0.0],"5d4d":[1.0,0.0],"5h3h":[1.0,0.0],"5h4h":[1.0,0.0],"5h5d":[1.0,0.0],"5s3s":[1.0,0.0],"5s4s":[1.0,0.0],"5s5d":[1.0,0.0],"5s5h":[1.0,0.0],"6c4c":[1.0,0.0],"6d4d":[1.0,0.0],"6d5d":[1.0,0.0],"6d6c":[1.0,0.0],"6h4h":[1.0,0.0],"6h5h":[1.0,0.0],"6h6c":[1.0,0.0],"6h6d":[1.0,0.0],"6s4s":[1.0,0.0],"6s5s":[1.0,0.0],"6s6c":[1.0,0.0],"6s6d":[1.0,0.0],"6s6h":[1.0,0.0],"7c6c":[1.0,0.0],"7d5d":[1.0,0.0],"7d6d":[1.0,0.0],"7d7c":[1.0,0.0],"7h5h":[1.0,0.0],"7h6h":[1.0,0.0],"7h7c":[1.0,0.0],"7h7d":[1.0,0.0],"7s5s":[1.0,0.0],"7s6s":[1.0,0.0],"7s7c":[1.0,0.0],"7s7d":[1.0,0.0],"7s7h":[1.0,0.0],"8c6c":[1.0,0.0],"8c7c":[1.0,0.0],"8d6d":[1.0,0.0],"8d7d":[1.0,0.0],"8d8c":[1.0,0.0],"8h6h":[1.0,0.0],"8h7h":[1.0,0.0],"8h8c":[1.0,0.0],"8h8d":[1.0,0.0],"8s6s":[1.0,0.0],"8s7s":[1.0,0.0],"8s8c":[1.0,0.0],"8s8d":[1.0,0.0],"8s8h":[1.0,0.0],"9c7c":[1.0,0.0],"9c8c":[1.0,0.0],"9d7d":[1.0,0.0],"9d8d":[1.0,0.0],"9d9c":[1.0,0.0],"9h7h":[1.0,0.0],"9h8h":[1.0,0.0],"9h9c":[1.0,0.0],"9h9d":[1.0,0.0],"9s7s":[1.0,0.0],"9s8s":[1.0,0.0],"9s9c":[1.0,0.0],"9s9d":[1.0,0.0],"9s9h":[1.0,0.0],"Ac2c":[1.0,0.0],"Ac3c":[1.0,0.0],"Ac4c":[1.0,0.0],"Ac6c":[1.0,0.0],"Ac7c":[1.0,0.0],"Ac8c":[1.0,0.0],"Ac9c":[1.0,0.0],"AcJc":[1.0,0.0],"AcJd":[1.0,0.0],"AcJh":[1.0,0.0],"AcJs":[1.0,0.0],"AcQc":[1.0,0.0],"AcQd":[1.0,0.0],"AcQh":[1.0,0.0],"AcQs":[1.0,0.0],"AcTc":[1.0,0.0],"Ad2d":[1.0,0.0],"Ad3d":[1.0,0.0],"Ad4d":[1.0,0.0],"Ad5d":[1.0,0.0],"Ad6d":[1.0,0.0],"Ad7d":[1.0,0.0],"Ad8d":[1.0,0.0],"Ad9d":[1.0,0.0],"AdJc":[1.0,0.0],"AdJd":[1.0,0.0],"AdJh":[1.0,0.0],"AdJs":[1.0,0.0],"AdQc":[1.0,0.0],"AdQd":[1.0,0.0],"AdQh":[1.0,0.0],"AdQs":[1.0,0.0],"AdTd":[1.0,0.0],"As2s":[1.0,0.0],"As3s":[1.0,0.0],"As4s":[1.0,0.0],"As5s":[1.0,0.0],"As6s":[1.0,0.0],"As7s":[1.0,0.0],"As8s":[1.0,0.0],"As9s":[1.0,0.0],"AsJc":[1.0,0.0],"AsJd":[1.0,0.0],"AsJh":[1.0,0.0],"AsJs":[1.0,0.0],"AsQc":[1.0,0.0],"AsQd":[1.0,0.0],"AsQh":[1.0,0.0],"AsQs":[1.0,0.0],"AsTs":[1.0,0.0],"Jc8c":[1.0,0.0],"Jc9c":[1.0,0.0],"JcTc":[1.0,0.0],"JcTd":[1.0,0.0],"JcTh":[1.0,0.0],"JcTs":[1.0,0.0],"Jd8d":[1.0,0.0],"Jd9d":[1.0,0.0],"JdJc":[1.0,0.0],"JdTc":[1.0,0.0],"JdTd":[1.0,0.0],"JdTh":[1.0,0.0],"JdTs":[1.0,0.0],"Jh8h":[1.0,0.0],"Jh9h":[1.0,0.0],"JhJc":[1.0,0.0],"JhJd":[1.0,0.0],"JhTc":[1.0,0.0],"JhTd":[1.0,0.0],"JhTh":[1.0,0.0],"JhTs":[1.0,0.0],"Js8s":[1.0,0.0],"Js9s":[1.0,0.0],"JsJc":[1.0,0.0],"JsJd":[1.0,0.0],"JsJh":[1.0,0.0],"JsTc":[1.0,0.0],"JsTd":[1.0,0.0],"JsTh":[1.0,0.0],"JsTs":[1.0,0.0],"Kc4c":[1.0,0.0],"Kc6c":[1.0,0.0],"Kc7c":[1.0,0.0],"Kc8c":[1.0,0.0],"Kc9c":[1.0,0.0],"KcJc":[1.0,0.0],"KcJd":[1.0,0.0],"KcJh":[1.0,0.0],"KcJs":[1.0,0.0],"KcQc":[1.0,0.0],"KcQd":[1.0,0.0],"KcQh":[1.0,0.0],"KcQs":[1.0,0.0],"KcTc":[1.0,0.0],"Kh4h":[1.0,0.0],"Kh5h":[1.0,0.0],"Kh6h":[1.0,0.0],"Kh7h":[1.0,0.0],"Kh8h":[1.0,0.0],"Kh9h":[1.0,0.0],"KhJc":[1.0,0.0],"KhJd":[1.0,0.0],"KhJh":[1.0,0.0],"KhJs":[1.0,0.0],"KhQc":[1.0,0.0],"KhQd":[1.0,0.0],"KhQh":[1.0,0.0],"KhQs":[1.0,0.0],"KhTh":[1.0,0.0],"Ks4s":[1.0,0.0],"Ks5s":[1.0,0.0],"Ks6s":[1.0,0.0],"Ks7s":[1.0,0.0],"Ks8s":[1.0,0.0],"Ks9s":[1.0,0.0],"KsJc":[1.0,0.0],"KsJd":[1.0,0.0],"KsJh":[1.0,0.0],"KsJs":[1.0,0.0],"KsQc":[1.0,0.0],"KsQd":[1.0,0.0],"KsQh":[1.0,0.0],"KsQs":[1.0,0.0],"KsTs":[1.0,0.0],"Qc9c":[1.0,0.0],"QcJc":[1.0,0.0],"QcTc":[1.0,0.0],"Qd9d":[1.0,0.0],"QdJd":[1.0,0.0],"QdTd":[1.0,0.0],"Qh9h":[1.0,0.0],"QhJh":[1.0,0.0],"QhTh":[1.0,0.0],"Qs9s":[1.0,0.0],"QsJs":[1.0,0.0],"QsTs":[1.0,0.0],"Tc7c":[1.0,0.0],"Tc8c":[1.0,0.0],"Tc9c":[1.0,0.0],"Td7d":[1.0,0.0],"Td8d":[1.0,0.0],"Td9d":[1.0,0.0],"TdTc":[1.0,0.0],"Th7h":[1.0,0.0],"Th8h":[1.0,0.0],"Th9h":[1.0,0.0],"ThTc":[1.0,0.0],"ThTd":[1.0,0.0],"Ts7s":[1.0,0.0],"Ts8s":[1.0,0.0],"Ts9s":[1.0,0.0],"TsTc":[1.0,0.0],"TsTd":[1.0,0.0],"TsTh":[1.0,0.0]}}},"CHECK":{"deal_number":0,"node_type":"chance_node"}},"node_type":"action_node","player":0,"strategy":{"actions":["CHECK","BET 100.000000"],"strategy":{"6d5d":[0.0,1.0],"6d6c":[0.0,1.0],"6h5h":[0.0,1.0],"6h6c":[0.0,1.0],"6h6d":[0.0,1.0],"6s5s":[0.0,1.0],"6s6c":[0.0,1.0],"6s6d":[0.0,1.0],"6s6h":[0.0,1.0],"7d7c":[0.0,1.0],"7h7c":[0.0,1.0],"7h7d":[0.0,1.0],"7s7c":[0.0,1.0],"7s7d":[0.0,1.0],"7s7h":[0.0,1.0],"8d8c":[0.0,1.0],"8h8c":[0.0,1.0],"8h8d":[0.0,1.0],"8s8c":[0.0,1.0],"8s8d":[0.0,1.0],"8s8h":[0.0,1.0],"9d9c":[0.0,1.0],"9h9c":[0.0,1.0],"9h9d":[0.0,1.0],"9s9c":[0.0,1.0],"9s9d":[0.0,1.0],"9s9h":[0.0,1.0],"Ac3c":[0.0,1.0],"Ac4c":[0.0,1.0],"Ac6c":[0.0,1.0],"Ac7c":[0.0,1.0],"Ac8c":[0.0,1.0],"Ac9c":[0.0,1.0],"AcJc":[0.0,1.0],"AcJd":[0.0,1.0],"AcJh":[0.0,1.0],"AcJs":[0.0,1.0],"AcKc":[0.0,1.0],"AcKh":[0.0,1.0],"AcKs":[0.0,1.0],"AcQc":[0.0,1.0],"AcQd":[0.0,1.0],"AcQh":[0.0,1.0],"AcQs":[0.0,1.0],"AcTc":[0.0,1.0],"Ad3d":[0.0,1.0],"Ad4d":[0.0,1.0],"Ad5d":[0.0,1.0],