{"actions":["CHECK","BET 100.000000"],"childrens":{"BET 100.000000":{"actions":["CALL","FOLD"],"childrens":{"CALL":{"deal_number":0,"node_type":"chance_node"}},"node_type":"action_node","player":0,"strategy":{"actions":["CALL","FOLD"],"strategy":{"6c5c":[1.0,0.0],"6d6c":[1.0,0.0],"6h5h":[1.0,0.0],"6h6c":[1.0,0.0],"6h6d":[1.0,0.0],"6s5s":[1.0,0.0],"6s6c":[1.0,0.0],"6s6d":[1.0,0.0],"6s6h":[1.0,0.0],"7d7c":[1.0,0.0],"7h7c":[1.0,0.0],"7h7d":[1.0,0.0],"7s7c":[1.0,0.0],"7s7d":[1.0,0.0],"7s7h":[1.0,0.0],"8d8c":[1.0,0.0],"8h8c":[1.0,0.0],"8h8d":[1.0,0.0],"8s8c":[1.0,0.0],"8s8d":[1.0,0.0],"8s8h":[1.0,0.0],"9d9c":[1.0,0.0],"9h9c":[1.0,0.0],"9h9d":[1.0,0.0],"9s9c":[1.0,0.0],"9s9d":[1.0,0.0],"9s9h":[1.0,0.0],"Ad3d":[1.0,0.0],"Ad4d":[1.0,0.0],"Ad6d":[1.0,0.0],"Ad7d":[1.0,0.0],"Ad8d":[1.0,0.0],"Ad9d":[1.0,0.0],"AdJc":[1.0,0.0],"AdJd":[1.0,0.0],"AdJh":[1.0,0.0],"AdJs":[1.0,0.0],"AdKc":[1.0,0.0],"AdKd":[1.0,0.0],"AdKs":[1.0,0.0],"AdQc":[1.0,0.0],"AdQd":[1.0,0.0],"AdQh":[1.0,0.0],"AdQs":[1.0,0.0],"AdTd":[1.0,0.0],"Ah3h":[1.0,0.0],"Ah4h":[1.0,0.0],"Ah5h":[1.0,0.0],"Ah6h":[1.0,0.0],"Ah7h":[1.0,0.0],"Ah8h":[1.0,0.0],"Ah9h":[1.0,0.0],"AhAd":[1.0,0.0],"AhJc":[1.0,0.0],"AhJd":[1.0,0.0],"AhJh":[1.0,0.0],"AhJs":[1.0,0.0],"AhKc":[1.0,0.0],"AhKd":[1.0,0.0],"AhKs":[1.0,0.0],"AhQc":[1.0,0.0],"AhQd":[1.0,0.0],"AhQh":[1.0,0.0],"AhQs":[1.0,0.0],"AhTh":[1.0,0.0],"As3s":[1.0,0.0],"As4s":[1.0,0.0],"As5s":[1.0,0.0],"As6s":[1.0,0.0],"As7s":[1.0,0.0],"As8s":[1.0,0.0],"As9s":[1.0,0.0],"AsAd":[1.0,0.0],"AsAh":[1.0,0.0],"AsJc":[1.0,0.0],"AsJd":[1.0,0.0],"AsJh":[1.0,0.0],"AsJs":[1.0,0.0],"AsKc":[1.0,0.0],"AsKd":[1.0,0.0],"AsKs":[1.0,0.0],"AsQc":[1.0,0.0],"AsQd":[1.0,0.0],"AsQh":[1.0,0.0],"AsQs":[1.0,0.0],"AsTs":[1.0,0.0],"JcTc":[1.0,0.0],"JdJc":[1.0,0.0],"JdTd":[1.0,0.0],"JhJc":[1.0,0.0],"JhJd":[1.0,0.0],"JhTh":[1.0,0.0],"JsJc":[1.0,0.0],"JsJd":[1.0,0.0],"JsJh":[1.0,0.0],"JsTs":[1.0,0.0],"Kc9c":[1.0,0.0],"KcJc":[1.0,0.0],"KcQc":[1.0,0.0],"KcQd":[1.0,0.0],"KcQh":[1.0,0.0],"KcQs":[1.0,0.0],"KcTc":[1.0,0.0],"Kd9d":[1.0,0.0],"KdJd":[1.0,0.0],"KdKc":[1.0,0.0],"KdQc":[1.0,0.0],"KdQd":[1.0,0.0],"KdQh":[1.0,0.0],"KdQs":[1.0,0.0],"KdTd":[1.0,0.0],"Ks9s":[1.0,0.0],"KsJs":[1.0,0.0],"KsKc":[1.0,0.0],"KsKd":[1.0,0.0],"KsQc":[1.0,0.0],"KsQd":[1.0,0.0],"KsQh":[1.0,0.0],"KsQs":[1.0,0.0],"KsTs":[1.0,0.0],"QcJc":[1.0,0.0],"QcTc":[1.0,0.0],"QdJd":[1.0,0.0],"QdQc":[1.0,0.0],"QdTd":[1.0,0.0],"QhJh":[1.0,0.0],"QhQc":[1.0,0.0],"QhQd":[1.0,0.0],"QhTh":[1.0,0.0],"QsJs":[1.0,0.0],"QsQc":[1.0,0.0],"QsQd":[1.0,0.0],"QsQh":[1.0,0.0],"QsTs":[1.0,0.0],"Tc9c":[1.0,0.0],"Td9d":[1.0,0.0],"TdTc":[1.0,0.0],"Th9h":[1.0,0.0],"ThTc":[1.0,0.0],"ThTd":[1.0,0.0],"Ts9s":[1.0,0.0],"TsTc":[1.0,0.0],"TsTd":[1.0,0.0],"TsTh":[1.0,0.0]}}},"CHECK":{"actions":["CHECK","BET 100.000000"],"childrens":{"BET 100.000000":{"actions":["CALL","FOLD"],"childrens":{"CALL":{"deal_number":0,"node_type":"chance_node"}},"node_type":"action_node","player":1,"strategy":{"actions":["CALL","FOLD"],"strategy":{"2d2c":[1.0,0.0],"2h2c":[1.0,0.0],"2h2d":[1.0,0.0],"2s2c":[1.0,0.0],"2s2d":[1.0,0.0],"2s2h":[1.0,0.0],"3d3c":[1.0,0.0],"3h3c":[1.0,0.0],"3h3d":[1.0,0.0],"3s3c":[1.0,0.0],"3s3d":[1.0,0.0],"3s3h":[1.0,0.0],"4c3c":[1.0,0.0],"4d3d":[1.0,0.0],"4d4c":[1.0,0.0],"4h3h":[1.0,0.0],"4h4c":[1.0,0.0],"4h4d":[1.0,0.0],"4s3s":[1.0,0.0],"4s4c":[1.0,0.0],"4s4d":[1.0,0.0],"4s4h":[1.0,0.0],"5c3c":[1.0,0.0],"5c4c":[1.0,0.0],"5h3h":[1.0,0.0],"5h4h":[1.0,0.0],"5h5c":[1.0,0.0],"5s3s":[1.0,0.0],"5s4s":[1.0,0.0],"5s5c":[1.0,0.0],"5s5h":[1.0,0.0],"6c4c":[1.0,0.0],"6c5c":[1.0,0.0],"6d4d":[1.0,0.0],"6d6c":[1.0,0.0],"6h4h":[1.0,0.0],"6h5h":[1.0,0.0],"6h6c":[1.0,0.0],"6h6d":[1.0,0.0],"6s4s":[1.0,0.0],"6s5s":[1.0,0.0],"6s6c":[1.0,0.0],"6s6d":[1.0,0.0],"6s6h":[1.0,0.0],"7c5c":[1.0,0.0],"7c6c":[1.0,0.0],"7d6d":[1.0,0.0],"7d7c":[1.0,0.0],"7h5h":[1.0,0.0],"7h6h":[1.0,0.0],"7h7c":[1.0,0.0],"7h7d":[1.0,0.0],"7s5s":[1.0,0.0],"7s6s":[1.0,0.0],"7s7c":[1.0,0.0],"7s7d":[1.0,0.0],"7s7h":[1.0,0.0],"8c6c":[1.0,0.0],"8c7c":[1.0,0.0],"8d6d":[1.0,0.0],"8d7d":[1.0,0.0],"8d8c":[1.0,0.0],"8h6h":[1.0,0.0],"8h7h":[1.0,0.0],"8h8c":[1.0,0.0],"8h8d":[1.0,0.0],"8s6s":[1.0,0.0],"8s7s":[1.0,0.0],"8s8c":[1.0,0.0],"8s8d":[1.0,0.0],"8s8h":[1.0,0.0],"9c7c":[1.0,0.0],"9c8c":[1.0,0.0],"9d7d":[1.0,0.0],"9d8d":[1.0,0.0],"9d9c":[1.0,0.0],"9h7h":[1.0,0.0],"9h8h":[1.0,0.0],"9h9c":[1.0,0.0],"9h9d":[1.0,0.0],"9s7s":[1.0,0.0],"9s8s":[1.0,0.0],"9s9c":[1.0,0.0],"9s9d":[1.0,0.0],"9s9h":[1.0,0.0],"Ad2d":[1.0,0.0],"Ad3d":[1.0,0.0],"Ad4d":[1.0,0.0],"Ad6d":[1.0,0.0],"Ad7d":[1.0,0.0],"Ad8d":[1.0,0.0],"Ad9d":[1.0,0.0],"AdJc":[1.0,0.0],"AdJd":[1.0,0.0],"AdJh":[1.0,0.0],"AdJs":[1.0,0.0],"AdQc":[1.0,0.0],"AdQd":[1.0,0.0],"AdQh":[1.0,0.0],"AdQs":[1.0,0.0],"AdTd":[1.0,0.0],"Ah2h":[1.0,0.0],"Ah3h":[1.0,0.0],"Ah4h":[1.0,0.0],"Ah5h":[1.0,0.0],"Ah6h":[1.0,0.0],"Ah7h":[1.0,0.0],"Ah8h":[1.0,0.0],"Ah9h":[1.0,0.0],"AhJc":[1.0,0.0],"AhJd":[1.0,0.0],"AhJh":[1.0,0.0],"AhJs":[1.0,0.0],"AhQc":[1.0,0.0],"AhQd":[1.0,0.0],"AhQh":[1.0,0.0],"AhQs":[1.0,0.0],"AhTh":[1.0,0.0],"As2s":[1.0,0.0],"As3s":[1.0,0.0],"As4s":[1.0,0.0],"As5s":[1.0,0.0],"As6s":[1.0,0.0],"As7s":[1.0,0.0],"As8s":[1.0,0.0],"As9s":[1.0,0.0],"AsJc":[1.0,0.0],"AsJd":[1.0,0.0],"AsJh":[1.0,0.0],"AsJs":[1.0,0.0],"AsQc":[1.0,0.0],"AsQd":[1.0,0.0],"AsQh":[1.0,0.0],"AsQs":[1.0,0.0],"AsTs":[1.0,0.0],"Jc8c":[1.0,0.0],"Jc9c":[1.0,0.0],"JcTc":[1.0,0.0],"JcTd":[1.0,0.0],"JcTh":[1.0,0.0],"JcTs":[1.0,0.0],"Jd8d":[1.0,0.0],"Jd9d":[1.0,0.0],"JdJc":[1.0,0.0],"JdTc":[1.0,0.0],"JdTd":[1.0,0.0],"JdTh":[1.0,0.0],"JdTs":[1.0,0.0],"Jh8h":[1.0,0.0],"Jh9h":[1.0,0.0],"JhJc":[1.0,0.0],"JhJd":[1.0,0.0],"JhTc":[1.0,0.0],"JhTd":[1.0,0.0],"JhTh":[1.0,0.0],"JhTs":[1.0,0.0],"Js8s":[1.0,0.0],"Js9s":[1.0,0.0],"JsJc":[1.0,0.0],"JsJd":[1.0,0.0],"JsJh":[1.0,0.0],"JsTc":[1.0,0.0],"JsTd":[1.0,0.0],"JsTh":[1.0,0.0],"JsTs":[1.0,0.0],"Kc4c":[1.0,0.0],"Kc5c":[1.0,0.0],"Kc6c":[1.0,0.0],"Kc7c":[1.0,0.0],"Kc8c":[1.0,0.0],"Kc9c":[1.0,0.0],"KcJc":[1.0,0.0],"KcJd":[1.0,0.0],"KcJh":[1.0,0.0],"KcJs":[1.0,0.0],"KcQc":[1.0,0.0],"KcQd":[1.0,0.0],"KcQh":[1.0,0.0],"KcQs":[1.0,0.0],"KcTc":[1.0,0.0],"Kd4d":[1.0,0.0],"Kd6d":[1.0,0.0],"Kd7d":[1.0,0.0],"Kd8d":[1.0,0.0],"Kd9d":[1.0,0.0],"KdJc":[1.0,0.0],"KdJd":[1.0,0.0],"KdJh":[1.0,0.0],"KdJs":[1.0,0.0],"KdQc":[1.0,0.0],"KdQd":[1.0,0.0],"KdQh":[1.0,0.0],"KdQs":[1.0,0.0],"KdTd":[1.0,0.0],"Ks4s":[1.0,0.0],"Ks5s":[1.0,0.0],"Ks6s":[1.0,0.0],"Ks7s":[1.0,0.0],"Ks8s":[1.0,0.0],"Ks9s":[1.0,0.0],"KsJc":[1.0,0.0],"KsJd":[1.0,0.0],"KsJh":[1.0,0.0],"KsJs":[1.0,0.0],"KsQc":[1.0,0.0],"KsQd":[1.0,0.0],"KsQh":[1.0,0.0],"KsQs":[1.0,0.0],"KsTs":[1.0,0.0],"Qc9c":[1.0,0.0],"QcJc":[1.0,0.0],"QcTc":[1.0,0.0],"Qd9d":[1.0,0.0],"QdJd":[1.0,0.0],"QdTd":[1.0,0.0],"Qh9h":[1.0,0.0],"QhJh":[1.0,0.0],"QhTh":[1.0,0.0],"Qs9s":[1.0,0.0],"QsJs":[1.0,0.0],"QsTs":[1.0,0.0],"Tc7c":[1.0,0.0],"Tc8c":[1.0,0.0],"Tc9c":[1.0,0.0],"Td7d":[1.0,0.0],"Td8d":[1.0,0.0],"Td9d":[1.0,0.0],"TdTc":[1.0,0.0],"Th7h":[1.0,0.0],"Th8h":[1.0,0.0],"Th9h":[1.0,0.0],"ThTc":[1.0,0.0],"ThTd":[1.0,0.0],"Ts7s":[1.0,0.0],"Ts8s":[1.0,0.0],"Ts9s":[1.0,0.0],"TsTc":[1.0,0.0],"TsTd":[1.0,0.0],"TsTh":[1.0,0.0]}}},"CHECK":{"deal_number":0,"node_type":"chance_node"}},"node_type":"action_node","player":0,"strategy":{"actions":["CHECK","BET 100.000000"],"strategy":{"6c5c":[0.0,1.0],"6d6c":[0.0,1.0],"6h5h":[0.0,1.0],"6h6c":[0.0,1.0],"6h6d":[0.0,1.0],"6s5s":[0.0,1.0],"6s6c":[0.0,1.0],"6s6d":[0.0,1.0],"6s6h":[0.0,1.0],"7d7c":[0.0,1.0],"7h7c":[0.0,1.0],"7h7d":[0.0,1.0],"7s7c":[0.0,1.0],"7s7d":[0.0,1.0],"7s7h":[0.0,1.0],"8d8c":[0.0,1.0],"8h8c":[0.0,1.0],"8h8d":[0.0,1.0],"8s8c":[0.0,1.0],"8s8d":[0.0,1.0],"8s8h":[0.0,1.0],"9d9c":[0.0,1.0],"9h9c":[0.0,1.0],"9h9d":[0.0,1.0],"9s9c":[0.0,1.0],"9s9d":[0.0,1.0],"9s9h":[0.0,1.0],"Ad3d":[0.0,1.0],"Ad4d":[0.0,1.0],"Ad6d":[0.0,1.0],"Ad7d":[0.0,1.0],"Ad8d":[0.0,1.0],"Ad9d":[0.0,1.0],"AdJc":[0.0,1.0],"AdJd":[0.0,1.0],"AdJh":[0.0,1.0],"AdJs":[0.0,1.0],"AdKc":[0.0,1.0],"AdKd":[0.0,1.0],"AdKs":[0.0,1.0],"AdQc":[0.0,1.0],"AdQd":[0.0,1.0],"AdQh":[0.0,1.0],"AdQs":[0.0,1.0],"AdTd":[0.0,1.0],"Ah3h":[0.0,1.0],"Ah4h":[0.0,1.0],"Ah5h":[0.0,1.0],